PID,CoachingStyle,Viewpoint,Pose,FootHeight,Foot,LeftHandY,Right Hand Y,Steadiness,Mistake
1,Controlling Style,First Person,1,0.30959238,Left,-0.276700863,-0.434066875,0.157366012,0
1,Controlling Style,First Person,2,0.351130158,Right,-0.273865507,-0.317725954,0.043860447,0
1,Controlling Style,First Person,3,0.427227624,Left,-0.259278405,-0.694376332,0.435097927,0
1,Controlling Style,First Person,4,0.279353605,Right,-0.385479115,-0.327749028,0.057730087,0
1,Controlling Style,First Person,5,0.459954827,Left,-0.378487417,-0.587315203,0.208827786,0
1,Controlling Style,First Person,6,0.327584358,Right,-0.544023315,-0.501622982,0.042400333,0
1,Autonomous Style,First Person,1,0.375269887,Left,-0.302161542,-0.274071368,0.028090174,0
1,Autonomous Style,First Person,2,0.095710329,Right,-0.321144271,-0.251139783,0.070004488,0
1,Autonomous Style,First Person,3,0.507902946,Left,-0.248358564,-0.321709653,0.073351089,0
1,Autonomous Style,First Person,4,0.365683169,Right,-0.332745745,-0.227292616,0.105453129,0
1,Autonomous Style,First Person,5,0.240902395,Left,-0.31931511,-0.478475624,0.159160514,0
1,Autonomous Style,First Person,6,0.354617026,Right,-0.520947609,-0.351690546,0.169257063,0
1,Autonomous Style,Third Person,1,0.435884922,Left,0.420160249,0.565219114,0.145058865,0
1,Autonomous Style,Third Person,2,0.377694099,Right,0.362075865,0.595494179,0.233418314,0
1,Autonomous Style,Third Person,3,0.453099738,Left,0.441441136,0.529980612,0.088539476,0
1,Autonomous Style,Third Person,4,0.401878266,Right,0.317782926,0.608154165,0.29037124,0
1,Autonomous Style,Third Person,5,0.726022601,Left,0.305366539,0.30237492,0.002991619,0
1,Autonomous Style,Third Person,6,0.370501636,Right,0.123369385,0.469701631,0.346332246,0
1,Controlling Style,Third Person,1,0.395244921,Left,0.394207698,0.377106397,0.017101301,0
1,Controlling Style,Third Person,2,0.407047195,Right,0.217089112,0.284682944,0.067593832,0
1,Controlling Style,Third Person,3,0.45269945,Left,0.4046561,0.393227717,0.011428383,0
1,Controlling Style,Third Person,4,0.36123169,Right,0.340833666,0.435793425,0.094959758,0
1,Controlling Style,Third Person,5,0.595247444,Left,0.324264722,0.25556021,0.068704513,0
1,Controlling Style,Third Person,6,0.486760812,Right,0.118615382,0.311316018,0.192700636,0
2,Controlling Style,Third Person,1,0.296500815,Left,0.596992904,0.3548821,0.242110804,1
2,Controlling Style,Third Person,2,0.27819193,Right,0.315058669,0.385454646,0.070395977,0
2,Controlling Style,Third Person,3,0.29304775,Left,0.55505202,0.397386927,0.157665093,0
2,Controlling Style,Third Person,4,0.255488079,Right,0.473287469,0.399243455,0.074044014,0
2,Controlling Style,Third Person,5,0.324461893,Left,0.29364102,0.183056837,0.110584183,0
2,Controlling Style,Third Person,6,0.307638541,Right,0.11070914,0.185165858,0.074456718,0
2,Autonomous Style,Third Person,1,0.233016087,Left,0.658075636,0.58190043,0.076175206,3
2,Autonomous Style,Third Person,2,0.330555261,Right,0.544140614,0.637308616,0.093168002,3
2,Autonomous Style,Third Person,3,0.222022755,Left,0.543913758,0.575687008,0.031773249,2
2,Autonomous Style,Third Person,4,0.381245925,Right,0.441935863,0.669444436,0.227508572,0
2,Autonomous Style,Third Person,5,0.341983897,Left,0.476367792,0.33902953,0.137338262,4
2,Autonomous Style,Third Person,6,0.392790484,Right,0.233765483,0.485679194,0.251913711,1
2,Autonomous Style,First Person,1,0.127189545,Left,-0.153288855,-0.273135847,0.119846992,0
2,Autonomous Style,First Person,2,0.322685772,Right,-0.203981391,-0.202004673,0.001976718,1
2,Autonomous Style,First Person,3,0.280094839,Left,-0.141386353,-0.29050265,0.149116298,1
2,Autonomous Style,First Person,4,0.259340412,Right,-0.273236566,-0.232686277,0.040550289,1
2,Autonomous Style,First Person,5,0.271559825,Left,-0.356178065,-0.507717848,0.151539783,4
2,Autonomous Style,First Person,6,0.296332018,Right,-0.489647633,-0.425587484,0.064060149,1
2,Controlling Style,First Person,1,0.38331737,Left,-0.18906799,-0.241517433,0.052449443,1
2,Controlling Style,First Person,2,0.189186589,Right,-0.164978494,-0.200491602,0.035513107,0
2,Controlling Style,First Person,3,0.314602983,Left,-0.169477204,-0.258902356,0.089425152,0
2,Controlling Style,First Person,4,0.303989289,Right,-0.263765463,-0.217281163,0.046484299,1
2,Controlling Style,First Person,5,0.337526069,Left,-0.287309821,-0.479570755,0.192260935,5
2,Controlling Style,First Person,6,0.302842468,Right,-0.45404406,-0.375010688,0.079033372,1
3,Autonomous Style,First Person,1,0.294889452,Left,-0.221480642,-0.188873913,0.032606729,0
3,Autonomous Style,First Person,2,0.28884707,Right,-0.171406067,-0.173885237,0.002479171,1
3,Autonomous Style,First Person,3,0.129731511,Left,-0.424017983,-0.425113534,0.001095552,2
3,Autonomous Style,First Person,4,0.305490108,Right,-0.408437301,-0.311823722,0.096613579,0
3,Autonomous Style,First Person,5,0.024990647,Left,-0.520020446,-0.57202073,0.052000283,0
3,Autonomous Style,First Person,6,0.145926369,Right,-0.619952386,-0.465330382,0.154622003,2
3,Controlling Style,First Person,1,0.121813217,Left,-0.215662591,-0.186740705,0.028921886,2
3,Controlling Style,First Person,2,0.166623361,Right,-0.198029374,-0.179727602,0.018301772,0
3,Controlling Style,First Person,3,0.292019527,Left,-0.344606545,-0.365981408,0.021374864,0
3,Controlling Style,First Person,4,0.226979418,Right,-0.513444162,-0.420489405,0.092954756,1
3,Controlling Style,First Person,5,0.199691694,Left,-0.522768299,-0.544708166,0.021939867,1
3,Controlling Style,First Person,6,0.089920701,Right,-0.624761073,-0.508502416,0.116258657,2
3,Controlling Style,Third Person,1,0.103000002,Left,0.530388338,0.542483423,0.012095085,0
3,Controlling Style,Third Person,2,0.237493618,Right,0.194523102,0.184111348,0.010411754,1
3,Controlling Style,Third Person,3,0.351620278,Left,0.354959132,0.363135072,0.00817594,1
3,Controlling Style,Third Person,4,0.431301157,Right,0.252693549,0.329430712,0.076737163,0
3,Controlling Style,Third Person,5,0.110381169,Left,0.16074301,0.149903667,0.010839344,2
3,Controlling Style,Third Person,6,0.126690626,Right,0.158359625,0.251750621,0.093390996,0
3,Autonomous Style,Third Person,1,0.386013514,Left,0.560026215,0.688267817,0.128241602,0
3,Autonomous Style,Third Person,2,0.295281079,Right,0.615700679,0.792779525,0.177078846,0
3,Autonomous Style,Third Person,3,0.381279852,Left,0.377059381,0.435678943,0.058619562,2
3,Autonomous Style,Third Person,4,0.398955641,Right,0.305175663,0.518264239,0.213088576,0
3,Autonomous Style,Third Person,5,0.051915882,Left,0.16609726,0.31841369,0.15231643,1
3,Autonomous Style,Third Person,6,0.058115693,Right,0.129813274,0.359417118,0.229603844,1
4,Autonomous Style,Third Person,1,0.364564047,Left,0.462113402,0.670628158,0.208514757,0
4,Autonomous Style,Third Person,2,0.239714402,Right,0.480541845,0.734125809,0.253583964,0
4,Autonomous Style,Third Person,3,0.470102679,Left,0.41488649,0.621764509,0.206878019,0
4,Autonomous Style,Third Person,4,0.506964934,Right,0.195813346,0.681593308,0.485779962,2
4,Autonomous Style,Third Person,5,0.718057543,Left,0.164903301,0.221225881,0.05632258,1
4,Autonomous Style,Third Person,6,0.537376981,Right,-0.054179633,0.46706139,0.521241023,1
4,Controlling Style,Third Person,1,0.435760744,Left,0.430558053,0.409561702,0.020996351,0
4,Controlling Style,Third Person,2,0.302276154,Right,0.157628119,0.244114534,0.086486415,1
4,Controlling Style,Third Person,3,0.486062861,Left,0.351949392,0.36267069,0.010721298,0
4,Controlling Style,Third Person,4,0.378833864,Right,0.2571523,0.387875466,0.130723166,0
4,Controlling Style,Third Person,5,0.653488943,Left,0.049701942,-0.184802215,0.234504157,0
4,Controlling Style,Third Person,6,0.36597091,Right,-0.289496686,-0.019471897,0.270024789,1
4,Controlling Style,First Person,1,0.412264319,Left,-0.214655057,-0.22422964,0.009574583,0
4,Controlling Style,First Person,2,0.381523049,Right,-0.228028187,-0.186399594,0.041628593,0
4,Controlling Style,First Person,3,0.451118773,Left,-0.293232256,-0.270563576,0.02266868,0
4,Controlling Style,First Person,4,0.404474603,Right,-0.35966891,-0.280152429,0.079516481,0
4,Controlling Style,First Person,5,0.592164149,Left,-0.474168545,-0.556830291,0.082661745,0
4,Controlling Style,First Person,6,0.450855647,Right,-0.67136076,-0.387741869,0.283618891,0
4,Autonomous Style,First Person,1,0.366908293,Left,-0.240299856,-0.244233263,0.003933408,0
4,Autonomous Style,First Person,2,0.364611609,Right,-0.223493074,-0.177330373,0.046162701,0
4,Autonomous Style,First Person,3,0.445770667,Left,-0.303370795,-0.328543754,0.025172959,0
4,Autonomous Style,First Person,4,0.35578895,Right,-0.376010132,-0.356127614,0.019882518,0
4,Autonomous Style,First Person,5,0.560819535,Left,-0.568482636,-0.554704836,0.0137778,0
4,Autonomous Style,First Person,6,0.494296819,Right,-0.570194582,-0.446625095,0.123569487,0
5,Controlling Style,First Person,1,0.302142841,Left,-0.295469737,-0.340344808,0.044875071,1
5,Controlling Style,First Person,2,0.275948909,Right,-0.261558394,-0.236187328,0.025371066,2
5,Controlling Style,First Person,3,0.180726022,Left,-0.268619201,-0.358879311,0.09026011,0
5,Controlling Style,First Person,4,0.219329039,Right,-0.275719731,-0.42983306,0.154113329,1
5,Controlling Style,First Person,5,0.284536479,Left,-0.490537328,-0.373370632,0.117166695,1
5,Controlling Style,First Person,6,0.212951608,Right,-0.543568594,-0.367472386,0.176096208,3
5,Autonomous Style,First Person,1,0.299119816,Left,-0.287118332,-0.288856823,0.001738491,0
5,Autonomous Style,First Person,2,0.240903269,Right,-0.250188757,-0.259382928,0.009194171,1
5,Autonomous Style,First Person,3,0.202829764,Left,-0.257108711,-0.304057025,0.046948314,1
5,Autonomous Style,First Person,4,0.221151882,Right,-0.214276409,-0.35437255,0.140096141,1
5,Autonomous Style,First Person,5,0.325154193,Left,-0.384944318,-0.432134404,0.047190086,1
5,Autonomous Style,First Person,6,0.292981826,Right,-0.414840529,-0.333434208,0.081406322,1
5,Autonomous Style,Third Person,1,0.359719229,Left,0.486622197,0.635962508,0.149340311,0
5,Autonomous Style,Third Person,2,0.345604386,Right,0.502014238,0.591793626,0.089779388,1
5,Autonomous Style,Third Person,3,0.217962199,Left,0.435715702,0.517727048,0.082011346,2
5,Autonomous Style,Third Person,4,0.22039396,Right,0.335582928,0.57720208,0.241619152,2
5,Autonomous Style,Third Person,5,0.46826006,Left,0.230925328,0.435980024,0.205054696,0
5,Autonomous Style,Third Person,6,0.329152541,Right,0.313345605,0.446202548,0.132856943,3
5,Controlling Style,Third Person,1,0.39639839,Left,0.501664573,0.425737002,0.075927571,0
5,Controlling Style,Third Person,2,0.282512784,Right,0.034163922,0.088492063,0.054328141,2
5,Controlling Style,Third Person,3,0.21569892,Left,0.339691852,0.253591957,0.086099895,1
5,Controlling Style,Third Person,4,0.235517581,Right,0.322824685,0.312342486,0.010482199,1
5,Controlling Style,Third Person,5,0.444506952,Left,-0.008782492,0.068774519,0.077557011,0
5,Controlling Style,Third Person,6,0.397361299,Right,-0.020886921,0.012340498,0.033227419,0
6,Controlling Style,Third Person,1,0.255232437,Left,0.29947541,0.051507056,0.247968354,0
6,Controlling Style,Third Person,2,0.353672961,Right,0.330587373,0.254117215,0.076470158,1
6,Controlling Style,Third Person,3,0.191742396,Left,0.284773742,0.011064119,0.273709623,1
6,Controlling Style,Third Person,4,0.205927096,Right,0.074577257,0.060028787,0.014548471,3
6,Controlling Style,Third Person,5,0.475119712,Left,-0.078974953,-0.219250318,0.140275364,0
6,Controlling Style,Third Person,6,0.531840504,Right,0.08701663,0.148602208,0.061585578,1
6,Autonomous Style,Third Person,1,0.314502137,Left,0.378223974,0.506817513,0.128593539,0
6,Autonomous Style,Third Person,2,0.329157712,Right,0.347034875,0.560174362,0.213139487,0
6,Autonomous Style,Third Person,3,0.256870584,Left,0.402977615,0.429610149,0.026632534,1
6,Autonomous Style,Third Person,4,0.300185133,Right,0.260264096,0.480743368,0.220479273,1
6,Autonomous Style,Third Person,5,0.445115529,Left,0.245593908,0.294754677,0.049160769,0
6,Autonomous Style,Third Person,6,0.560741915,Right,0.204559339,0.322417714,0.117858375,1
6,Autonomous Style,First Person,1,0.250063873,Left,-0.366885617,-0.431810904,0.064925287,0
6,Autonomous Style,First Person,2,0.319662701,Right,-0.359414982,-0.398080819,0.038665836,0
6,Autonomous Style,First Person,3,0.283389507,Left,-0.420598399,-0.537947837,0.117349438,0
6,Autonomous Style,First Person,4,0.299106925,Right,-0.551950925,-0.442896627,0.109054298,0
6,Autonomous Style,First Person,5,0.488683137,Left,-0.442512125,-0.593115011,0.150602885,0
6,Autonomous Style,First Person,6,0.498614404,Right,-0.56026934,-0.473001259,0.087268081,1
6,Controlling Style,First Person,1,0.246783141,Left,-0.412797946,-0.418592145,0.005794199,0
6,Controlling Style,First Person,2,0.286471691,Right,-0.483222092,-0.388789074,0.094433018,0
6,Controlling Style,First Person,3,0.3007894,Left,-0.409835211,-0.556442332,0.146607121,0
6,Controlling Style,First Person,4,0.199069119,Right,-0.510667568,-0.394979895,0.115687674,0
6,Controlling Style,First Person,5,0.475558733,Left,-0.453320098,-0.606339917,0.153019819,0
6,Controlling Style,First Person,6,0.493644578,Right,-0.595534251,-0.4956844,0.099849851,1
7,Autonomous Style,First Person,1,0.174618176,Left,-0.203015775,-0.338811915,0.135796141,3
7,Autonomous Style,First Person,2,0.197910912,Right,-0.249082346,-0.351403356,0.10232101,0
7,Autonomous Style,First Person,3,0.209224923,Left,-0.126702697,-0.433390815,0.306688117,5
7,Autonomous Style,First Person,4,0.267915273,Right,-0.300034094,-0.279551877,0.020482216,3
7,Autonomous Style,First Person,5,0.143047,Left,-0.365920117,-0.588181654,0.222261537,4
7,Autonomous Style,First Person,6,0.212873925,Right,-0.347495879,-0.315078067,0.032417812,1
7,Controlling Style,First Person,1,0.231259899,Left,-0.206575421,-0.362128749,0.155553328,0
7,Controlling Style,First Person,2,0.172664171,Right,-0.261206739,-0.357512783,0.096306044,2
7,Controlling Style,First Person,3,0.222027585,Left,-0.136162326,-0.431142987,0.294980661,4
7,Controlling Style,First Person,4,0.238128167,Right,-0.329513512,-0.273912718,0.055600794,1
7,Controlling Style,First Person,5,0.349800558,Left,-0.202892455,-0.523756481,0.320864026,2
7,Controlling Style,First Person,6,0.413171864,Right,-0.463656275,-0.507934327,0.044278052,1
7,Controlling Style,Third Person,1,0.138790367,Left,0.424335386,0.264751228,0.159584157,1
7,Controlling Style,Third Person,2,0.119647131,Right,0.417572943,0.214869148,0.202703796,4
7,Controlling Style,Third Person,3,0.336345806,Left,0.453531324,0.019862586,0.433668739,0
7,Controlling Style,Third Person,4,0.195864116,Right,0.457919303,0.322688906,0.135230396,5
7,Controlling Style,Third Person,5,0.276993755,Left,-0.055844257,-0.285338943,0.229494686,3
7,Controlling Style,Third Person,6,0.439564558,Right,0.320157225,0.35714633,0.036989105,2
7,Autonomous Style,Third Person,1,0.335698537,Left,0.564284319,0.503567215,0.060717104,0
7,Autonomous Style,Third Person,2,0.133122192,Right,0.386259284,0.560351678,0.174092394,2
7,Autonomous Style,Third Person,3,0.278636384,Left,0.696999349,0.346100971,0.350898377,0
7,Autonomous Style,Third Person,4,0.239295669,Right,0.481677077,0.679250711,0.197573634,3
7,Autonomous Style,Third Person,5,0.4726199,Left,0.60846823,0.339300869,0.269167361,1
7,Autonomous Style,Third Person,6,0.149133658,Right,0.259289482,0.604867257,0.345577775,1
8,Autonomous Style,Third Person,1,0.396092216,Left,0.444348205,0.514760813,0.070412607,0
8,Autonomous Style,Third Person,2,0.378986283,Right,0.423600684,0.516522789,0.092922105,0
8,Autonomous Style,Third Person,3,0.202054975,Left,0.387554622,0.454267887,0.066713266,0
8,Autonomous Style,Third Person,4,0.26948761,Right,0.353935544,0.48537599,0.131440447,0
8,Autonomous Style,Third Person,5,0.271213737,Left,0.173586217,0.260296865,0.086710648,2
8,Autonomous Style,Third Person,6,0.469731728,Right,0.059476389,0.262583312,0.203106924,2
8,Controlling Style,Third Person,1,0.347218447,Left,0.35129289,0.33292079,0.0183721,0
8,Controlling Style,Third Person,2,0.387210269,Right,0.327352454,0.213429108,0.113923346,0
8,Controlling Style,Third Person,3,0.276622616,Left,0.378590793,0.278601092,0.099989702,0
8,Controlling Style,Third Person,4,0.424057847,Right,0.312139082,0.337628097,0.025489015,0
8,Controlling Style,Third Person,5,0.28866816,Left,0.10920576,0.035753298,0.073452462,1
8,Controlling Style,Third Person,6,0.473625472,Right,-0.384927109,-0.339688759,0.045238349,1
8,Controlling Style,First Person,1,0.338075444,Left,-0.221180617,-0.218529319,0.002651298,0
8,Controlling Style,First Person,2,0.327345526,Right,-0.198422577,-0.201682886,0.00326031,0
8,Controlling Style,First Person,3,0.369371633,Left,-0.275724283,-0.372488893,0.09676461,0
8,Controlling Style,First Person,4,0.481219084,Right,-0.362188076,-0.297874955,0.064313121,0
8,Controlling Style,First Person,5,0.357238081,Left,-0.539650497,-0.610845495,0.071194998,1
8,Controlling Style,First Person,6,0.888880192,Right,-0.637568122,-0.506361057,0.131207065,2
8,Autonomous Style,First Person,1,0.319506614,Left,-0.250966958,-0.309731739,0.058764781,1
8,Autonomous Style,First Person,2,0.382872547,Right,-0.285797584,-0.291203071,0.005405487,0
8,Autonomous Style,First Person,3,0.305628599,Left,-0.303073272,-0.373842162,0.070768891,0
8,Autonomous Style,First Person,4,0.410906664,Right,-0.394218784,-0.270044288,0.124174495,0
8,Autonomous Style,First Person,5,0.294737779,Left,-0.521623047,-0.661834433,0.140211386,1
8,Autonomous Style,First Person,6,0.795214677,Right,-0.71220043,-0.424405768,0.287794663,0
9,Controlling Style,First Person,1,0.29949719,Left,-0.284578547,-0.287777658,0.003199111,2
9,Controlling Style,First Person,2,0.326371378,Right,-0.381768606,-0.336536991,0.045231614,1
9,Controlling Style,First Person,3,0.174412836,Left,-0.330684486,-0.374404576,0.04372009,2
9,Controlling Style,First Person,4,0.154907222,Right,-0.429950787,-0.363357518,0.066593269,1
9,Controlling Style,First Person,5,0.241499973,Left,-0.560295727,-0.611493398,0.05119767,2
9,Controlling Style,First Person,6,0.35006099,Right,-0.743783584,-0.540868924,0.20291466,2
9,Autonomous Style,First Person,1,0.269248783,Left,-0.345742329,-0.35806831,0.012325982,1
9,Autonomous Style,First Person,2,0.203428868,Right,-0.386533594,-0.334951043,0.05158255,3
9,Autonomous Style,First Person,3,0.17391077,Left,-0.376524342,-0.355104047,0.021420296,3
9,Autonomous Style,First Person,4,0.283387339,Right,-0.435293967,-0.431262034,0.004031932,2
9,Autonomous Style,First Person,5,0.328210176,Left,-0.549468248,-0.662277163,0.112808915,2
9,Autonomous Style,First Person,6,0.321097935,Right,-0.709446883,-0.563321107,0.146125776,1
9,Autonomous Style,Third Person,1,0.319228178,Left,0.429556332,0.564510534,0.134954201,2
9,Autonomous Style,Third Person,2,0.318383876,Right,0.428815666,0.57933785,0.150522184,1
9,Autonomous Style,Third Person,3,0.214682522,Left,0.428649645,0.496217016,0.067567371,2
9,Autonomous Style,Third Person,4,0.197956173,Right,0.44550781,0.524339024,0.078831214,3
9,Autonomous Style,Third Person,5,0.266341663,Left,0.260407006,0.227819609,0.032587397,2
9,Autonomous Style,Third Person,6,0.284925291,Right,0.007605041,0.368739115,0.361134074,1
9,Controlling Style,Third Person,1,0.297411216,Left,0.277989847,0.185976768,0.092013079,2
9,Controlling Style,Third Person,2,0.271595678,Right,0.083627073,0.144265129,0.060638056,1
9,Controlling Style,Third Person,3,0.207672152,Left,0.306518509,0.299871726,0.006646784,4
9,Controlling Style,Third Person,4,0.264369811,Right,0.263117603,0.283183611,0.020066008,1
9,Controlling Style,Third Person,5,0.34486044,Left,-0.10186924,-0.331458422,0.229589182,1
9,Controlling Style,Third Person,6,0.238474959,Right,-0.275155642,-0.209649202,0.06550644,2
10,Controlling Style,Third Person,1,0.415011066,Left,0.556770236,0.420491123,0.136279113,0
10,Controlling Style,Third Person,2,0.341006413,Right,0.402257119,0.417995035,0.015737916,1
10,Controlling Style,Third Person,3,0.285310899,Left,0.480425882,0.392874521,0.087551361,1
10,Controlling Style,Third Person,4,0.186558823,Right,0.480427705,0.393371018,0.087056687,2
10,Controlling Style,Third Person,5,0.452408531,Left,0.255011227,0.145983474,0.109027753,0
10,Controlling Style,Third Person,6,0.417198523,Right,0.006653311,0.138873915,0.132220605,1
10,Autonomous Style,Third Person,1,0.27795837,Left,0.462912642,0.524373029,0.061460386,1
10,Autonomous Style,Third Person,2,0.449050235,Right,0.492527165,0.615947568,0.123420403,0
10,Autonomous Style,Third Person,3,0.132123246,Left,0.472615086,0.422853019,0.049762067,2
10,Autonomous Style,Third Person,4,0.249178409,Right,0.479274573,0.556747142,0.077472569,1
10,Autonomous Style,Third Person,5,0.393793206,Left,0.319786875,0.364936865,0.045149991,0
10,Autonomous Style,Third Person,6,0.413114447,Right,0.343414922,0.431750403,0.088335481,1
10,Autonomous Style,First Person,1,0.376589692,Left,-0.230526141,-0.307322023,0.076795882,0
10,Autonomous Style,First Person,2,0.317926163,Right,-0.234029493,-0.351081934,0.117052441,1
10,Autonomous Style,First Person,3,0.265814714,Left,-0.240541587,-0.39217397,0.151632383,0
10,Autonomous Style,First Person,4,0.222907196,Right,-0.333068546,-0.299606894,0.033461653,1
10,Autonomous Style,First Person,5,0.354451109,Left,-0.366017341,-0.497186616,0.131169275,1
10,Autonomous Style,First Person,6,0.39023845,Right,-0.426536923,-0.428374248,0.001837325,1
10,Controlling Style,First Person,1,0.187957932,Left,-0.252045034,-0.387670497,0.135625463,2
10,Controlling Style,First Person,2,0.462556776,Right,-0.17457749,-0.326222944,0.151645454,0
10,Controlling Style,First Person,3,0.296352317,Left,-0.174644976,-0.619542701,0.444897725,1
10,Controlling Style,First Person,4,0.250946651,Right,-0.333678453,-0.28451002,0.049168433,0
10,Controlling Style,First Person,5,0.446778982,Left,-0.293281992,-0.551535185,0.258253192,0
10,Controlling Style,First Person,6,0.363608923,Right,-0.391936806,-0.422944838,0.031008032,1
11,Autonomous Style,First Person,1,0.103289614,Left,-0.224683611,-0.184699293,0.039984318,3
11,Autonomous Style,First Person,2,0.237497685,Right,-0.078908095,-0.134222063,0.055313968,3
11,Autonomous Style,First Person,3,0.086040661,Left,-0.356848596,-0.440164025,0.083315429,2
11,Autonomous Style,First Person,4,0.128648451,Right,-0.383208792,-0.24305545,0.140153341,3
11,Autonomous Style,First Person,5,0.103198467,Left,-0.429082511,-0.361724929,0.067357582,2
11,Autonomous Style,First Person,6,0.026811072,Right,-0.284823224,-0.265086032,0.019737192,2
11,Controlling Style,First Person,1,0.238079123,Left,-0.14212116,-0.059811699,0.08230946,1
11,Controlling Style,First Person,2,0.011434892,Right,-0.142601069,-0.104227974,0.038373095,1
11,Controlling Style,First Person,3,0.048733838,Left,-0.303103212,-0.28234212,0.020761092,1
11,Controlling Style,First Person,4,0.007393042,Right,-0.221984267,-0.205242033,0.016742233,2
11,Controlling Style,First Person,5,0.077370613,Left,-0.356972925,-0.365779179,0.008806254,3
11,Controlling Style,First Person,6,0.06203299,Right,-0.324614694,-0.287149843,0.037464851,3
11,Controlling Style,Third Person,1,0.258927346,Left,0.360159832,0.405357173,0.045197341,0
11,Controlling Style,Third Person,2,0.221032656,Right,0.102755954,0.186216586,0.083460631,1
11,Controlling Style,Third Person,3,0.206075286,Left,0.24234487,0.397503629,0.155158759,3
11,Controlling Style,Third Person,4,0.109149893,Right,0.396282025,0.496700097,0.100418072,3
11,Controlling Style,Third Person,5,0.021131312,Left,-0.216163374,-0.167346719,0.048816656,1
11,Controlling Style,Third Person,6,0.053024959,Right,-0.229218554,-0.028415988,0.200802565,2
11,Autonomous Style,Third Person,1,0.109905268,Left,0.516966204,0.656085604,0.1391194,1
11,Autonomous Style,Third Person,2,0.066970912,Right,0.529586849,0.711651657,0.182064807,1
11,Autonomous Style,Third Person,3,0.004264406,Left,0.442295381,0.690033023,0.247737642,1
11,Autonomous Style,Third Person,4,0.004799712,Right,0.400165167,0.551275181,0.151110014,2
11,Autonomous Style,Third Person,5,0,Left,0,0,0,1
11,Autonomous Style,Third Person,6,0.14745455,Right,0.35300783,0.512694855,0.159687025,1
12,Autonomous Style,Third Person,1,0.324879645,Left,0.589766623,0.653919629,0.064153006,0
12,Autonomous Style,Third Person,2,0.264201684,Right,0.54138421,0.702112744,0.160728534,1
12,Autonomous Style,Third Person,3,0.326659635,Left,0.407013188,0.637925935,0.230912747,0
12,Autonomous Style,Third Person,4,0.357661137,Right,0.450304134,0.633078102,0.182773967,0
12,Autonomous Style,Third Person,5,0.580368677,Left,0.228748684,0.226961333,0.001787351,1
12,Autonomous Style,Third Person,6,0.502412267,Right,0.038536787,0.229553815,0.191017028,1
12,Controlling Style,Third Person,1,0.333530333,Left,0.542513423,0.410292125,0.132221298,0
12,Controlling Style,Third Person,2,0.398206739,Right,0.270846078,0.247126855,0.023719222,1
12,Controlling Style,Third Person,3,0.423869785,Left,0.286599136,0.35809387,0.071494734,0
12,Controlling Style,Third Person,4,0.412477118,Right,0.319097421,0.339216004,0.020118583,0
12,Controlling Style,Third Person,5,0.321827007,Left,0.141764691,0.084044136,0.057720555,0
12,Controlling Style,Third Person,6,0.497605624,Right,-0.116411232,0.062599884,0.179011115,1
12,Controlling Style,First Person,1,0.320662996,Left,-0.120242381,-0.210725785,0.090483404,0
12,Controlling Style,First Person,2,0.37499897,Right,-0.136469538,-0.178874853,0.042405315,0
12,Controlling Style,First Person,3,0.354875637,Left,-0.304239397,-0.297539709,0.006699688,0
12,Controlling Style,First Person,4,0.472466871,Right,-0.323106263,-0.346651527,0.023545264,0
12,Controlling Style,First Person,5,0.456664254,Left,-0.513123378,-0.588675582,0.075552204,1
12,Controlling Style,First Person,6,0.708901624,Right,-0.486622289,-0.466876989,0.0197453,0
12,Autonomous Style,First Person,1,0.384991783,Left,-0.150678726,-0.236499533,0.085820807,0
12,Autonomous Style,First Person,2,0.297650017,Right,-0.17321963,-0.206485033,0.033265403,0
12,Autonomous Style,First Person,3,0.262037109,Left,-0.320741104,-0.310820752,0.009920352,0
12,Autonomous Style,First Person,4,0.401565638,Right,0.010151569,-0.289086402,0.299237971,0
12,Autonomous Style,First Person,5,0.648650089,Left,-0.525628165,-0.604267996,0.078639831,0
12,Autonomous Style,First Person,6,0.726460191,Right,-0.716549461,-0.562691121,0.15385834,0
13,Controlling Style,First Person,1,0.189596514,Left,-0.132612206,-0.093738324,0.038873882,2
13,Controlling Style,First Person,2,0.134264564,Right,-0.175260648,-0.122972462,0.052288186,1
13,Controlling Style,First Person,3,0.121923693,Left,-0.159317191,-0.276179687,0.116862496,3
13,Controlling Style,First Person,4,0.152793197,Right,-0.382839108,-0.179573024,0.203266084,1
13,Controlling Style,First Person,5,0.258716362,Left,-0.398292795,-0.3422522,0.056040595,3
13,Controlling Style,First Person,6,0.242780231,Right,-0.502338408,-0.311477729,0.190860679,2
13,Autonomous Style,First Person,1,0.256311412,Left,-0.175857313,-0.130875026,0.044982287,1
13,Autonomous Style,First Person,2,0.243727742,Right,-0.252353334,-0.097165078,0.155188256,1
13,Autonomous Style,First Person,3,0.149459711,Left,-0.178479958,-0.202660252,0.024180293,1
13,Autonomous Style,First Person,4,0.1521065,Right,-0.343746028,-0.152852767,0.190893261,2
13,Autonomous Style,First Person,5,0.225746656,Left,-0.361749451,-0.312054779,0.049694672,3
13,Autonomous Style,First Person,6,0.305695487,Right,-0.458461001,-0.231488553,0.226972448,2
13,Autonomous Style,Third Person,1,0.262631905,Left,0.556262945,0.847671391,0.291408446,2
13,Autonomous Style,Third Person,2,0.170114476,Right,0.449664766,0.808139212,0.358474446,1
13,Autonomous Style,Third Person,3,0.155742499,Left,0.476324304,0.717999413,0.241675109,3
13,Autonomous Style,Third Person,4,0.133780583,Right,0.400361098,0.787524254,0.387163155,4
13,Autonomous Style,Third Person,5,0.227459811,Left,0.277471805,0.525262246,0.247790441,4
13,Autonomous Style,Third Person,6,0.27197057,Right,0.195803965,0.666109912,0.470305946,1
13,Controlling Style,Third Person,1,0.318102296,Left,0.498709426,0.412985824,0.085723602,0
13,Controlling Style,Third Person,2,0.175615996,Right,0.47125668,0.555176894,0.083920214,2
13,Controlling Style,Third Person,3,0.230258902,Left,0.508661465,0.442290288,0.066371177,2
13,Controlling Style,Third Person,4,0.210095655,Right,0.2384648,0.513325967,0.274861167,3
13,Controlling Style,Third Person,5,0.241523146,Left,0.274416774,0.240242034,0.03417474,3
13,Controlling Style,Third Person,6,0.169531218,Right,0.161388873,0.419504202,0.25811533,3
14,Controlling Style,Third Person,1,0.387697341,Left,0.482096519,0.382205123,0.099891396,0
14,Controlling Style,Third Person,2,0.37797074,Right,0.161840049,0.203276879,0.04143683,0
14,Controlling Style,Third Person,3,0.2658464,Left,0.303584865,0.280805474,0.022779391,0
14,Controlling Style,Third Person,4,0.315987836,Right,0.268099834,0.361872379,0.093772546,0
14,Controlling Style,Third Person,5,0.588041784,Left,0.11801436,-0.104995681,0.223010041,0
14,Controlling Style,Third Person,6,0.655779526,Right,-0.030421664,0.145479898,0.175901562,0
14,Autonomous Style,Third Person,1,0.335628559,Left,0.467703373,0.573416003,0.10571263,0
14,Autonomous Style,Third Person,2,0.386702126,Right,0.427137508,0.588144799,0.16100729,0
14,Autonomous Style,Third Person,3,0.462985549,Left,0.364693273,0.404510898,0.039817625,0
14,Autonomous Style,Third Person,4,0.49591246,Right,0.275817589,0.524422422,0.248604834,0
14,Autonomous Style,Third Person,5,0.671816441,Left,0.246433834,0.130635014,0.11579882,0
14,Autonomous Style,Third Person,6,0.693379139,Right,-0.042051971,0.394083919,0.43613589,0
14,Autonomous Style,First Person,1,0.221016967,Left,-0.172309281,-0.271851194,0.099541913,0
14,Autonomous Style,First Person,2,0.026796135,Right,-0.256027805,-0.274798299,0.018770494,0
14,Autonomous Style,First Person,3,0.461435105,Left,-0.348635342,-0.460061998,0.111426656,0
14,Autonomous Style,First Person,4,0.546363392,Right,-0.435545559,-0.356066084,0.079479475,0
14,Autonomous Style,First Person,5,0.58632257,Left,-0.443198008,-0.69790358,0.254705571,0
14,Autonomous Style,First Person,6,0.507776872,Right,-0.502162617,-0.414915913,0.087246705,1
14,Controlling Style,First Person,1,0.245609629,Left,-0.226594449,-0.28587124,0.059276792,0
14,Controlling Style,First Person,2,0.229313799,Right,-0.295900907,-0.256026145,0.039874762,0
14,Controlling Style,First Person,3,0.431438364,Left,-0.333745314,-0.391081882,0.057336567,0
14,Controlling Style,First Person,4,0.348342048,Right,-0.398946442,-0.327296813,0.07164963,1
14,Controlling Style,First Person,5,0.508077609,Left,-0.400271454,-0.55570678,0.155435327,0
14,Controlling Style,First Person,6,0.685746555,Right,-0.641334713,-0.421301974,0.220032739,0
15,Autonomous Style,First Person,1,0.347680005,Left,-0.336371876,-0.239573471,0.096798404,1
15,Autonomous Style,First Person,2,0.148626593,Right,-0.534205683,-0.502917598,0.031288085,0
15,Autonomous Style,First Person,3,0.323485306,Left,-0.292756533,-0.348879721,0.056123188,2
15,Autonomous Style,First Person,4,0.204058543,Right,-0.327788203,-0.324716879,0.003071323,1
15,Autonomous Style,First Person,5,0.421961494,Left,-0.496452401,-0.474841406,0.021610995,1
15,Autonomous Style,First Person,6,0.273120149,Right,-0.464687277,-0.409082637,0.05560464,3
15,Controlling Style,First Person,1,0.362227683,Left,-0.307879161,-0.372024004,0.064144843,0
15,Controlling Style,First Person,2,0.320237596,Right,-0.303813021,-0.331765587,0.027952566,0
15,Controlling Style,First Person,3,0.265329895,Left,-0.336199208,-0.327711078,0.008488129,1
15,Controlling Style,First Person,4,0.13697016,Right,-0.356939162,-0.344557468,0.012381694,1
15,Controlling Style,First Person,5,0.384617793,Left,-0.459130954,-0.448961661,0.010169293,0
15,Controlling Style,First Person,6,0.286744289,Right,-0.526233678,-0.509117037,0.017116641,2
15,Controlling Style,Third Person,1,0.445338465,Left,0.446464677,0.453046941,0.006582264,0
15,Controlling Style,Third Person,2,0.264580181,Right,0.501051019,0.483368495,0.017682523,1
15,Controlling Style,Third Person,3,0.368081226,Left,0.496321333,0.414131528,0.082189805,1
15,Controlling Style,Third Person,4,0.221674274,Right,0.343201096,0.462922327,0.119721231,0
15,Controlling Style,Third Person,5,0.205171718,Left,0.240785886,0.27961708,0.038831194,0
15,Controlling Style,Third Person,6,0.469488803,Right,0.152130145,0.289113492,0.136983347,1
15,Autonomous Style,Third Person,1,0.397684236,Left,0.475906039,0.555111381,0.079205342,0
15,Autonomous Style,Third Person,2,0.385006168,Right,0.483709282,0.59627084,0.112561558,0
15,Autonomous Style,Third Person,3,0.318425463,Left,0.503423168,0.506622954,0.003199786,0
15,Autonomous Style,Third Person,4,0.202512861,Right,0.35870539,0.577850028,0.219144639,0
15,Autonomous Style,Third Person,5,0.412752627,Left,0.168334281,0.348744536,0.180410255,0
15,Autonomous Style,Third Person,6,0.441380462,Right,0.23695889,0.405423446,0.168464556,0
16,Autonomous Style,Third Person,1,0.421140842,Left,0.395645808,0.595477205,0.199831396,0
16,Autonomous Style,Third Person,2,0.255370554,Right,0.320274111,0.550078582,0.229804471,0
16,Autonomous Style,Third Person,3,0.123736194,Left,0.24551858,0.505481135,0.259962554,0
16,Autonomous Style,Third Person,4,0.051798224,Right,0.213077222,0.483418844,0.270341622,0
16,Autonomous Style,Third Person,5,0.243735165,Left,0.225915436,0.416423372,0.190507937,1
16,Autonomous Style,Third Person,6,0.198137174,Right,0.225049959,0.416891481,0.191841521,1
16,Controlling Style,Third Person,1,0.150186336,Left,0.379238701,0.024077671,0.35516103,0
16,Controlling Style,Third Person,2,0.102891728,Right,0.293375306,0.394963571,0.101588265,0
16,Controlling Style,Third Person,3,0.332796222,Left,0.272035194,0.267939774,0.00409542,0
16,Controlling Style,Third Person,4,0.40596165,Right,0.243853095,0.346619961,0.102766866,0
16,Controlling Style,Third Person,5,0.323947644,Left,0.169597765,0.211222954,0.041625189,0
16,Controlling Style,Third Person,6,0.40930976,Right,0.143599196,0.261178925,0.117579729,1
16,Controlling Style,First Person,1,0.114053198,Left,-0.42590665,-0.347229613,0.078677037,1
16,Controlling Style,First Person,2,0.059651371,Right,-0.421932248,-0.382824051,0.039108197,0
16,Controlling Style,First Person,3,0.17550758,Left,-0.470361619,-0.418799336,0.051562283,1
16,Controlling Style,First Person,4,0.209156466,Right,-0.486739428,-0.471392229,0.015347199,2
16,Controlling Style,First Person,5,0.365662377,Left,-0.574720802,-0.532770381,0.041950421,1
16,Controlling Style,First Person,6,0.368972007,Right,-0.512847849,-0.478824666,0.034023183,2
16,Autonomous Style,First Person,1,0.149816164,Left,-0.364344849,-0.363713321,0.000631528,0
16,Autonomous Style,First Person,2,0.092264091,Right,-0.354584024,-0.38615727,0.031573246,2
16,Autonomous Style,First Person,3,0.311984427,Left,-0.504546232,-0.447996547,0.056549686,1
16,Autonomous Style,First Person,4,0.327158088,Right,-0.496321482,-0.436444562,0.059876921,0
16,Autonomous Style,First Person,5,0.390938149,Left,-0.524904768,-0.541322179,0.016417411,0
16,Autonomous Style,First Person,6,0.424840088,Right,-0.556292853,-0.458832568,0.097460285,2
17,Controlling Style,Third Person,1,0.360257802,Left,0.507775516,0.287670471,0.220105045,0
17,Controlling Style,Third Person,2,0.296436737,Right,0.356245087,0.261541684,0.094703403,0
17,Controlling Style,Third Person,3,0.24337495,Left,0.30147493,0.327823701,0.026348771,1
17,Controlling Style,Third Person,4,0.2080151,Right,0.308520078,0.425636496,0.117116418,2
17,Controlling Style,Third Person,5,0.53238857,Left,-0.052743656,-0.076529475,0.023785819,0
17,Controlling Style,Third Person,6,0.378064033,Right,-0.144686874,0.08851102,0.233197895,1
17,Autonomous Style,Third Person,1,0.348468059,Left,0.428952037,0.635034746,0.206082708,0
17,Autonomous Style,Third Person,2,0.303295636,Right,0.349276987,0.556244941,0.206967954,0
17,Autonomous Style,Third Person,3,0.227675361,Left,0.255949712,0.420396662,0.16444695,1
17,Autonomous Style,Third Person,4,0.200815686,Right,0.200061328,0.473208529,0.273147201,2
17,Autonomous Style,Third Person,5,0.342564521,Left,0.221072167,0.398024461,0.176952294,1
17,Autonomous Style,Third Person,6,0.626225015,Right,-0.009936228,0.478825954,0.488762181,0
17,Autonomous Style,First Person,1,0.334863829,Left,-0.309952194,-0.321492903,0.011540709,0
17,Autonomous Style,First Person,2,0.31231666,Right,-0.371828975,-0.370497475,0.001331501,1
17,Autonomous Style,First Person,3,0.205907105,Left,-0.487952753,-0.450877764,0.037074989,0
17,Autonomous Style,First Person,4,0.296055909,Right,-0.506436062,-0.366509961,0.139926101,1
17,Autonomous Style,First Person,5,0.155870734,Left,-0.451280726,-0.519823149,0.068542423,1
17,Autonomous Style,First Person,6,0.567717271,Right,-0.61849832,-0.368157207,0.250341112,1
17,Controlling Style,First Person,1,0.3433049,Left,-0.195550482,-0.351825366,0.156274884,0
17,Controlling Style,First Person,2,0.402252199,Right,-0.281134439,-0.317753065,0.036618625,0
17,Controlling Style,First Person,3,0.320120097,Left,-0.380852092,-0.411372653,0.030520562,0
17,Controlling Style,First Person,4,0.317714778,Right,-0.468276492,-0.364739795,0.103536697,1
17,Controlling Style,First Person,5,0.260189281,Left,-0.50276252,-0.48918644,0.01357608,1
17,Controlling Style,First Person,6,0.548252703,Right,-0.581601694,-0.475756509,0.105845185,0
18,Autonomous Style,Third Person,1,0.427946086,Left,0.479313823,0.490849494,0.011535672,0
18,Autonomous Style,Third Person,2,0.442149817,Right,0.43923318,0.469124944,0.029891764,0
18,Autonomous Style,Third Person,3,0.279111958,Left,0.351581942,0.323436021,0.028145921,4
18,Autonomous Style,Third Person,4,0.336230087,Right,0.322824411,0.392587671,0.069763261,0
18,Autonomous Style,Third Person,5,0.20075528,Left,0.314355058,0.064117526,0.250237533,0
18,Autonomous Style,Third Person,6,0.168672579,Right,-0.066081904,0.263757735,0.329839639,1
18,Controlling Style,Third Person,1,0.411134344,Left,0.484821455,0.382635826,0.102185629,0
18,Controlling Style,Third Person,2,0.408539664,Right,0.189184573,0.163762148,0.025422425,0
18,Controlling Style,Third Person,3,0.333597774,Left,0.424442918,0.2844112,0.140031718,0
18,Controlling Style,Third Person,4,0.393671098,Right,0.266678994,0.285626653,0.018947659,0
18,Controlling Style,Third Person,5,0.266078372,Left,0.081777714,-0.164999404,0.246777117,1
18,Controlling Style,Third Person,6,0.247955209,Right,-0.383830837,-0.096587017,0.287243819,0
18,Controlling Style,First Person,1,0.366989528,Left,0.328653602,0.229467918,0.099185684,0
18,Controlling Style,First Person,2,0.368633485,Right,0.038483628,0.024999739,0.013483889,0
18,Controlling Style,First Person,3,0.297647592,Left,0.299868635,0.283143552,0.016725083,0
18,Controlling Style,First Person,4,0.298500579,Right,0.239831164,0.324103757,0.084272593,0
18,Controlling Style,First Person,5,0.242126302,Left,-0.044995877,-0.341475179,0.296479302,0
18,Controlling Style,First Person,6,0.288562333,Right,-0.327185806,0.026155021,0.353340827,0
18,Autonomous Style,First Person,1,0.400267935,Left,0.208704321,0.154293071,0.054411249,0
18,Autonomous Style,First Person,2,0.409550401,Right,-0.028611213,-0.008763464,0.019847749,0
18,Autonomous Style,First Person,3,0.331981574,Left,0.220127705,0.184605166,0.035522539,0
18,Autonomous Style,First Person,4,0.341207322,Right,0.253048057,0.328795524,0.075747466,1
18,Autonomous Style,First Person,5,0.421886603,Left,-0.146403612,-0.245164176,0.098760564,0
18,Autonomous Style,First Person,6,0.348918023,Right,-0.179119943,0.085320478,0.264440421,1
